{"test_de_ni.txt": {"avg_wer": 0.04202988792029888, "n_words": 6424}, "test_ch.txt": {"avg_wer": 0.03059437156981044, "n_words": 25691}, "test_de_al.txt": {"avg_wer": 0.010952738184546137, "n_words": 6665}, "test_it.txt": {"avg_wer": 0.012445887445887446, "n_words": 9240}, "test_fr.txt": {"avg_wer": 0.018015595590212423, "n_words": 11157}, "test_de.txt": {"avg_wer": 0.015356323284398479, "n_words": 318110}, "test_ru.txt": {"avg_wer": 0.021176470588235293, "n_words": 7650}, "test_us.txt": {"avg_wer": 0.0455531453362256, "n_words": 2305}, "test_gb.txt": {"avg_wer": 0.03467741935483871, "n_words": 1240}, "test_at.txt": {"avg_wer": 0.015731345516192565, "n_words": 40111}, "test_ca.txt": {"avg_wer": 0.030146425495262703, "n_words": 1161}}