{"test_de_ni.txt": {"avg_wer": 0.0410958904109589, "n_words": 6424}, "test_ch.txt": {"avg_wer": 0.027636137168658283, "n_words": 25691}, "test_de_al.txt": {"avg_wer": 0.010652663165791448, "n_words": 6665}, "test_it.txt": {"avg_wer": 0.013528138528138528, "n_words": 9240}, "test_fr.txt": {"avg_wer": 0.0225867168593708, "n_words": 11157}, "test_de.txt": {"avg_wer": 0.017509666467574108, "n_words": 318110}, "test_ru.txt": {"avg_wer": 0.024444444444444446, "n_words": 7650}, "test_us.txt": {"avg_wer": 0.041648590021691974, "n_words": 2305}, "test_gb.txt": {"avg_wer": 0.041935483870967745, "n_words": 1240}, "test_at.txt": {"avg_wer": 0.015905861235072673, "n_words": 40111}, "test_ca.txt": {"avg_wer": 0.03531438415159346, "n_words": 1161}}