{"test_fr.txt": {"avg_wer": 0.021511158913686476, "n_words": 11157}, "test_it.txt": {"avg_wer": 0.014393939393939395, "n_words": 9240}, "test_de_ni.txt": {"avg_wer": 0.04249688667496887, "n_words": 6424}, "test_ch.txt": {"avg_wer": 0.02767506130551555, "n_words": 25691}, "test_at.txt": {"avg_wer": 0.01618010022188427, "n_words": 40111}, "test_ca.txt": {"avg_wer": 0.03359173126614987, "n_words": 1161}, "test_gb.txt": {"avg_wer": 0.041935483870967745, "n_words": 1240}, "test_ru.txt": {"avg_wer": 0.02483660130718954, "n_words": 7650}, "test_us.txt": {"avg_wer": 0.0455531453362256, "n_words": 2305}, "test_de.txt": {"avg_wer": 0.017635409135204803, "n_words": 318110}, "test_de_al.txt": {"avg_wer": 0.011252813203300824, "n_words": 6665}}