{"test_de_ni.txt": {"avg_wer": 0.041251556662515565, "n_words": 6424}, "test_ch.txt": {"avg_wer": 0.02759721303180102, "n_words": 25691}, "test_de_al.txt": {"avg_wer": 0.011102775693923482, "n_words": 6665}, "test_it.txt": {"avg_wer": 0.01341991341991342, "n_words": 9240}, "test_fr.txt": {"avg_wer": 0.022138567715335664, "n_words": 11157}, "test_de.txt": {"avg_wer": 0.017314765332746535, "n_words": 318110}, "test_ru.txt": {"avg_wer": 0.024705882352941175, "n_words": 7650}, "test_us.txt": {"avg_wer": 0.04468546637744035, "n_words": 2305}, "test_gb.txt": {"avg_wer": 0.043548387096774194, "n_words": 1240}, "test_at.txt": {"avg_wer": 0.015930792052055547, "n_words": 40111}, "test_ca.txt": {"avg_wer": 0.03359173126614987, "n_words": 1161}}