{"test_de_ni.txt": {"avg_wer": 0.5014009962640099, "n_words": 6424}, "test_ch.txt": {"avg_wer": 0.2490366276127827, "n_words": 25691}, "test_de_al.txt": {"avg_wer": 0.45296324081020256, "n_words": 6665}, "test_it.txt": {"avg_wer": 0.312012987012987, "n_words": 9240}, "test_fr.txt": {"avg_wer": 0.40145200322667385, "n_words": 11157}, "test_de.txt": {"avg_wer": 0.48259407123322123, "n_words": 318110}, "test_ru.txt": {"avg_wer": 0.36183006535947715, "n_words": 7650}, "test_us.txt": {"avg_wer": 0.5774403470715835, "n_words": 2305}, "test_gb.txt": {"avg_wer": 0.4620967741935484, "n_words": 1240}, "test_at.txt": {"avg_wer": 0.23936077385255916, "n_words": 40111}, "test_ca.txt": {"avg_wer": 0.48664944013781225, "n_words": 1161}}