{"test_de_ni.txt": {"avg_wer": 0.0410958904109589, "n_words": 6424}, "test_ch.txt": {"avg_wer": 0.026974426842084776, "n_words": 25691}, "test_de_al.txt": {"avg_wer": 0.011852963240810203, "n_words": 6665}, "test_it.txt": {"avg_wer": 0.013095238095238096, "n_words": 9240}, "test_fr.txt": {"avg_wer": 0.019987451823967016, "n_words": 11157}, "test_de.txt": {"avg_wer": 0.016459715192857816, "n_words": 318110}, "test_ru.txt": {"avg_wer": 0.02130718954248366, "n_words": 7650}, "test_us.txt": {"avg_wer": 0.0438177874186551, "n_words": 2305}, "test_gb.txt": {"avg_wer": 0.041935483870967745, "n_words": 1240}, "test_at.txt": {"avg_wer": 0.01625489267283289, "n_words": 40111}, "test_ca.txt": {"avg_wer": 0.02756244616709733, "n_words": 1161}}