{"test_de_ni.txt": {"avg_wer": 0.04156288916562889, "n_words": 6424}, "test_ch.txt": {"avg_wer": 0.027636137168658283, "n_words": 25691}, "test_de_al.txt": {"avg_wer": 0.011252813203300824, "n_words": 6665}, "test_it.txt": {"avg_wer": 0.013636363636363636, "n_words": 9240}, "test_fr.txt": {"avg_wer": 0.0225867168593708, "n_words": 11157}, "test_de.txt": {"avg_wer": 0.01735563169972651, "n_words": 318110}, "test_ru.txt": {"avg_wer": 0.024444444444444446, "n_words": 7650}, "test_us.txt": {"avg_wer": 0.04468546637744035, "n_words": 2305}, "test_gb.txt": {"avg_wer": 0.03790322580645161, "n_words": 1240}, "test_at.txt": {"avg_wer": 0.015831068784124054, "n_words": 40111}, "test_ca.txt": {"avg_wer": 0.03273040482342808, "n_words": 1161}}