{"test_de_ni.txt": {"avg_wer": 0.0410958904109589, "n_words": 6424}, "test_ch.txt": {"avg_wer": 0.02759721303180102, "n_words": 25691}, "test_de_al.txt": {"avg_wer": 0.011252813203300824, "n_words": 6665}, "test_it.txt": {"avg_wer": 0.013203463203463203, "n_words": 9240}, "test_fr.txt": {"avg_wer": 0.02437931343551134, "n_words": 11157}, "test_de.txt": {"avg_wer": 0.017930904404136933, "n_words": 318110}, "test_ru.txt": {"avg_wer": 0.026143790849673203, "n_words": 7650}, "test_us.txt": {"avg_wer": 0.04598698481561822, "n_words": 2305}, "test_gb.txt": {"avg_wer": 0.04112903225806452, "n_words": 1240}, "test_at.txt": {"avg_wer": 0.016803370646456085, "n_words": 40111}, "test_ca.txt": {"avg_wer": 0.03359173126614987, "n_words": 1161}}