{"test_de_ni.txt": {"avg_wer": 0.04187422166874222, "n_words": 6424}, "test_ch.txt": {"avg_wer": 0.026663033747226655, "n_words": 25691}, "test_de_al.txt": {"avg_wer": 0.010802700675168793, "n_words": 6665}, "test_it.txt": {"avg_wer": 0.013203463203463203, "n_words": 9240}, "test_fr.txt": {"avg_wer": 0.020345971139195125, "n_words": 11157}, "test_de.txt": {"avg_wer": 0.016220804124359497, "n_words": 318110}, "test_ru.txt": {"avg_wer": 0.02130718954248366, "n_words": 7650}, "test_us.txt": {"avg_wer": 0.04338394793926247, "n_words": 2305}, "test_gb.txt": {"avg_wer": 0.03870967741935484, "n_words": 1240}, "test_at.txt": {"avg_wer": 0.015905861235072673, "n_words": 40111}, "test_ca.txt": {"avg_wer": 0.031007751937984496, "n_words": 1161}}