{"test_at.txt": {"avg_wer": 0.9065343671312109, "n_words": 40111}, "test_gb.txt": {"avg_wer": 0.9008064516129032, "n_words": 1240}, "test_it.txt": {"avg_wer": 0.9084415584415585, "n_words": 9240}, "test_de_al.txt": {"avg_wer": 0.9021755438859715, "n_words": 6665}, "test_fr.txt": {"avg_wer": 0.8578470915120552, "n_words": 11157}, "test_de_ni.txt": {"avg_wer": 0.9553237858032378, "n_words": 6424}, "test_ch.txt": {"avg_wer": 0.9226966642014713, "n_words": 25691}, "test_de.txt": {"avg_wer": 0.9040646317311621, "n_words": 318110}, "test_us.txt": {"avg_wer": 0.9054229934924078, "n_words": 2305}, "test_ca.txt": {"avg_wer": 0.9569336778639104, "n_words": 1161}, "test_ru.txt": {"avg_wer": 0.8937254901960784, "n_words": 7650}}