{"test_de_ni.txt": {"avg_wer": 0.04187422166874222, "n_words": 6424}, "test_ch.txt": {"avg_wer": 0.02775290957923008, "n_words": 25691}, "test_de_al.txt": {"avg_wer": 0.011552888222055514, "n_words": 6665}, "test_it.txt": {"avg_wer": 0.013528138528138528, "n_words": 9240}, "test_fr.txt": {"avg_wer": 0.022497087030563773, "n_words": 11157}, "test_de.txt": {"avg_wer": 0.017308478199365, "n_words": 318110}, "test_ru.txt": {"avg_wer": 0.024444444444444446, "n_words": 7650}, "test_us.txt": {"avg_wer": 0.04642082429501085, "n_words": 2305}, "test_gb.txt": {"avg_wer": 0.035483870967741936, "n_words": 1240}, "test_at.txt": {"avg_wer": 0.01625489267283289, "n_words": 40111}, "test_ca.txt": {"avg_wer": 0.03617571059431524, "n_words": 1161}}