{"test_fr.txt": {"avg_wer": 0.022497087030563773, "n_words": 11157}, "test_it.txt": {"avg_wer": 0.013095238095238096, "n_words": 9240}, "test_de_ni.txt": {"avg_wer": 0.041251556662515565, "n_words": 6424}, "test_ch.txt": {"avg_wer": 0.02720797166322837, "n_words": 25691}, "test_at.txt": {"avg_wer": 0.01598065368602129, "n_words": 40111}, "test_ca.txt": {"avg_wer": 0.03359173126614987, "n_words": 1161}, "test_gb.txt": {"avg_wer": 0.04032258064516129, "n_words": 1240}, "test_ru.txt": {"avg_wer": 0.024444444444444446, "n_words": 7650}, "test_us.txt": {"avg_wer": 0.04642082429501085, "n_words": 2305}, "test_de.txt": {"avg_wer": 0.017311621766055767, "n_words": 318110}, "test_de_al.txt": {"avg_wer": 0.011102775693923482, "n_words": 6665}}