{"test_at.txt": {"avg_wer": 0.016030515319987036, "n_words": 40111}, "test_gb.txt": {"avg_wer": 0.04516129032258064, "n_words": 1240}, "test_it.txt": {"avg_wer": 0.01341991341991342, "n_words": 9240}, "test_de_al.txt": {"avg_wer": 0.011252813203300824, "n_words": 6665}, "test_fr.txt": {"avg_wer": 0.022497087030563773, "n_words": 11157}, "test_de_ni.txt": {"avg_wer": 0.04078455790784558, "n_words": 6424}, "test_ch.txt": {"avg_wer": 0.02751936475808649, "n_words": 25691}, "test_de.txt": {"avg_wer": 0.01752224073433718, "n_words": 318110}, "test_us.txt": {"avg_wer": 0.04468546637744035, "n_words": 2305}, "test_ca.txt": {"avg_wer": 0.03531438415159346, "n_words": 1161}, "test_ru.txt": {"avg_wer": 0.024575163398692812, "n_words": 7650}}