{"test_de_ni.txt": {"avg_wer": 0.0410958904109589, "n_words": 6424}, "test_ch.txt": {"avg_wer": 0.02759721303180102, "n_words": 25691}, "test_de_al.txt": {"avg_wer": 0.011252813203300824, "n_words": 6665}, "test_it.txt": {"avg_wer": 0.013636363636363636, "n_words": 9240}, "test_fr.txt": {"avg_wer": 0.022945236174598906, "n_words": 11157}, "test_de.txt": {"avg_wer": 0.017437364433686462, "n_words": 318110}, "test_ru.txt": {"avg_wer": 0.025490196078431372, "n_words": 7650}, "test_us.txt": {"avg_wer": 0.04511930585683297, "n_words": 2305}, "test_gb.txt": {"avg_wer": 0.037096774193548385, "n_words": 1240}, "test_at.txt": {"avg_wer": 0.01595572286903842, "n_words": 40111}, "test_ca.txt": {"avg_wer": 0.03531438415159346, "n_words": 1161}}