{"test_de_ni.txt": {"avg_wer": 0.04514321295143213, "n_words": 6424}, "test_ch.txt": {"avg_wer": 0.031061461212097623, "n_words": 25691}, "test_de_al.txt": {"avg_wer": 0.013203300825206302, "n_words": 6665}, "test_it.txt": {"avg_wer": 0.016017316017316017, "n_words": 9240}, "test_fr.txt": {"avg_wer": 0.028412655731827552, "n_words": 11157}, "test_de.txt": {"avg_wer": 0.01980761371852504, "n_words": 318110}, "test_ru.txt": {"avg_wer": 0.02875816993464052, "n_words": 7650}, "test_us.txt": {"avg_wer": 0.05683297180043384, "n_words": 2305}, "test_gb.txt": {"avg_wer": 0.0467741935483871, "n_words": 1240}, "test_at.txt": {"avg_wer": 0.018473735384308545, "n_words": 40111}, "test_ca.txt": {"avg_wer": 0.03273040482342808, "n_words": 1161}}