{"test_ca.txt": {"avg_wer": 0.030146425495262703, "n_words": 1161}, "test_ru.txt": {"avg_wer": 0.024705882352941175, "n_words": 7650}, "test_us.txt": {"avg_wer": 0.04468546637744035, "n_words": 2305}, "test_ch.txt": {"avg_wer": 0.028025378537230937, "n_words": 25691}, "test_de_ni.txt": {"avg_wer": 0.0410958904109589, "n_words": 6424}, "test_at.txt": {"avg_wer": 0.015930792052055547, "n_words": 40111}, "test_de_al.txt": {"avg_wer": 0.011252813203300824, "n_words": 6665}, "test_de.txt": {"avg_wer": 0.017409072333469555, "n_words": 318110}, "test_gb.txt": {"avg_wer": 0.03951612903225806, "n_words": 1240}, "test_fr.txt": {"avg_wer": 0.023034866003405933, "n_words": 11157}, "test_it.txt": {"avg_wer": 0.01396103896103896, "n_words": 9240}}