{"test_at.txt": {"avg_wer": 0.015855999601106927, "n_words": 40111}, "test_gb.txt": {"avg_wer": 0.04032258064516129, "n_words": 1240}, "test_it.txt": {"avg_wer": 0.013311688311688311, "n_words": 9240}, "test_de_al.txt": {"avg_wer": 0.011852963240810203, "n_words": 6665}, "test_fr.txt": {"avg_wer": 0.02276597651698485, "n_words": 11157}, "test_de_ni.txt": {"avg_wer": 0.04234122042341221, "n_words": 6424}, "test_ch.txt": {"avg_wer": 0.027480440621229223, "n_words": 25691}, "test_de.txt": {"avg_wer": 0.017493948634120272, "n_words": 318110}, "test_us.txt": {"avg_wer": 0.04685466377440347, "n_words": 2305}, "test_ca.txt": {"avg_wer": 0.03186907838070629, "n_words": 1161}, "test_ru.txt": {"avg_wer": 0.02431372549019608, "n_words": 7650}}