{"test_de_ni.txt": {"avg_wer": 0.041718555417185554, "n_words": 6424}, "test_ch.txt": {"avg_wer": 0.027130123389513837, "n_words": 25691}, "test_de_al.txt": {"avg_wer": 0.011252813203300824, "n_words": 6665}, "test_it.txt": {"avg_wer": 0.01396103896103896, "n_words": 9240}, "test_fr.txt": {"avg_wer": 0.022048937886528636, "n_words": 11157}, "test_de.txt": {"avg_wer": 0.01723303259878658, "n_words": 318110}, "test_ru.txt": {"avg_wer": 0.02392156862745098, "n_words": 7650}, "test_us.txt": {"avg_wer": 0.0455531453362256, "n_words": 2305}, "test_gb.txt": {"avg_wer": 0.03790322580645161, "n_words": 1240}, "test_at.txt": {"avg_wer": 0.015831068784124054, "n_words": 40111}, "test_ca.txt": {"avg_wer": 0.030146425495262703, "n_words": 1161}}