{"test_gb.txt": {"avg_wer": 0.04435483870967742, "n_words": 1240}, "test_de.txt": {"avg_wer": 0.018839395177768697, "n_words": 318110}, "test_it.txt": {"avg_wer": 0.01471861471861472, "n_words": 9240}, "test_ch.txt": {"avg_wer": 0.028920633684948037, "n_words": 25691}, "test_de_al.txt": {"avg_wer": 0.012603150787696924, "n_words": 6665}, "test_ca.txt": {"avg_wer": 0.03186907838070629, "n_words": 1161}, "test_at.txt": {"avg_wer": 0.01772581087482237, "n_words": 40111}, "test_ru.txt": {"avg_wer": 0.027058823529411764, "n_words": 7650}, "test_us.txt": {"avg_wer": 0.051193058568329716, "n_words": 2305}, "test_fr.txt": {"avg_wer": 0.023214125661019987, "n_words": 11157}, "test_de_ni.txt": {"avg_wer": 0.04280821917808219, "n_words": 6424}}