{"test_at.txt": {"avg_wer": 0.015831068784124054, "n_words": 40111}, "test_gb.txt": {"avg_wer": 0.04032258064516129, "n_words": 1240}, "test_it.txt": {"avg_wer": 0.013095238095238096, "n_words": 9240}, "test_de_al.txt": {"avg_wer": 0.011252813203300824, "n_words": 6665}, "test_fr.txt": {"avg_wer": 0.023303755489827015, "n_words": 11157}, "test_de_ni.txt": {"avg_wer": 0.04140722291407223, "n_words": 6424}, "test_ch.txt": {"avg_wer": 0.026818730294655715, "n_words": 25691}, "test_de.txt": {"avg_wer": 0.01738078023325265, "n_words": 318110}, "test_us.txt": {"avg_wer": 0.0438177874186551, "n_words": 2305}, "test_ca.txt": {"avg_wer": 0.03531438415159346, "n_words": 1161}, "test_ru.txt": {"avg_wer": 0.024967320261437907, "n_words": 7650}}