{"test_de_ni.txt": {"avg_wer": 0.0410958904109589, "n_words": 6424}, "test_ch.txt": {"avg_wer": 0.02705227511579931, "n_words": 25691}, "test_de_al.txt": {"avg_wer": 0.011102775693923482, "n_words": 6665}, "test_it.txt": {"avg_wer": 0.01396103896103896, "n_words": 9240}, "test_fr.txt": {"avg_wer": 0.02222819754414269, "n_words": 11157}, "test_de.txt": {"avg_wer": 0.017245606865549653, "n_words": 318110}, "test_ru.txt": {"avg_wer": 0.023006535947712417, "n_words": 7650}, "test_us.txt": {"avg_wer": 0.04685466377440347, "n_words": 2305}, "test_gb.txt": {"avg_wer": 0.03870967741935484, "n_words": 1240}, "test_at.txt": {"avg_wer": 0.01625489267283289, "n_words": 40111}, "test_ca.txt": {"avg_wer": 0.03359173126614987, "n_words": 1161}}