{"test_seen.txt": {"avg_wer": 0.015071162141324054, "n_words": 383912}, "test_de_ni.txt": {"avg_wer": 0.04094022415940224, "n_words": 6424}, "test_de_al.txt": {"avg_wer": 0.010502625656414103, "n_words": 6665}, "test_it.txt": {"avg_wer": 0.011796536796536796, "n_words": 9240}, "test_fr.txt": {"avg_wer": 0.016222999014071884, "n_words": 11157}, "test_ru.txt": {"avg_wer": 0.021437908496732026, "n_words": 7650}, "test_us.txt": {"avg_wer": 0.0420824295010846, "n_words": 2305}, "test_gb.txt": {"avg_wer": 0.036290322580645164, "n_words": 1240}, "test_ca.txt": {"avg_wer": 0.031007751937984496, "n_words": 1161}}