{"test_de_ni.txt": {"avg_wer": 0.04249688667496887, "n_words": 6424}, "test_ch.txt": {"avg_wer": 0.02588455101008135, "n_words": 25691}, "test_de_al.txt": {"avg_wer": 0.011252813203300824, "n_words": 6665}, "test_it.txt": {"avg_wer": 0.012337662337662338, "n_words": 9240}, "test_fr.txt": {"avg_wer": 0.019718562337545934, "n_words": 11157}, "test_de.txt": {"avg_wer": 0.01639684385904247, "n_words": 318110}, "test_ru.txt": {"avg_wer": 0.02091503267973856, "n_words": 7650}, "test_us.txt": {"avg_wer": 0.04425162689804772, "n_words": 2305}, "test_gb.txt": {"avg_wer": 0.04032258064516129, "n_words": 1240}, "test_at.txt": {"avg_wer": 0.016080376953952782, "n_words": 40111}, "test_ca.txt": {"avg_wer": 0.03273040482342808, "n_words": 1161}}