{
  "test_at.txt": { "avg_wer": 0.016130238587918524, "n_words": 40111 },
  "test_gb.txt": { "avg_wer": 0.04032258064516129, "n_words": 1240 },
  "test_it.txt": { "avg_wer": 0.01341991341991342, "n_words": 9240 },
  "test_de_al.txt": { "avg_wer": 0.010502625656414103, "n_words": 6665 },
  "test_fr.txt": { "avg_wer": 0.023214125661019987, "n_words": 11157 },
  "test_de_ni.txt": { "avg_wer": 0.042652552926525526, "n_words": 6424 },
  "test_ch.txt": { "avg_wer": 0.027558288894943755, "n_words": 25691 },
  "test_de.txt": { "avg_wer": 0.01730533463267423, "n_words": 318110 },
  "test_us.txt": { "avg_wer": 0.04511930585683297, "n_words": 2305 },
  "test_ca.txt": { "avg_wer": 0.034453057708871665, "n_words": 1161 },
  "test_ru.txt": { "avg_wer": 0.023790849673202615, "n_words": 7650 }
}
