{
  "test_at.txt": { "avg_wer": 0.016304754306798633, "n_words": 40111 },
  "test_gb.txt": { "avg_wer": 0.04112903225806452, "n_words": 1240 },
  "test_it.txt": { "avg_wer": 0.013203463203463203, "n_words": 9240 },
  "test_de_al.txt": { "avg_wer": 0.011702925731432858, "n_words": 6665 },
  "test_fr.txt": { "avg_wer": 0.02142152908487945, "n_words": 11157 },
  "test_de_ni.txt": { "avg_wer": 0.04078455790784558, "n_words": 6424 },
  "test_ch.txt": { "avg_wer": 0.02720797166322837, "n_words": 25691 },
  "test_de.txt": { "avg_wer": 0.01721102763195121, "n_words": 318110 },
  "test_us.txt": { "avg_wer": 0.04598698481561822, "n_words": 2305 },
  "test_ca.txt": { "avg_wer": 0.03359173126614987, "n_words": 1161 },
  "test_ru.txt": { "avg_wer": 0.02588235294117647, "n_words": 7650 }
}
