{"test_fr.txt": {"avg_wer": 0.023572644976248096, "n_words": 11157}, "test_it.txt": {"avg_wer": 0.014285714285714285, "n_words": 9240}, "test_de_ni.txt": {"avg_wer": 0.041251556662515565, "n_words": 6424}, "test_ch.txt": {"avg_wer": 0.02880386127437624, "n_words": 25691}, "test_at.txt": {"avg_wer": 0.01725212535214779, "n_words": 40111}, "test_ca.txt": {"avg_wer": 0.03273040482342808, "n_words": 1161}, "test_gb.txt": {"avg_wer": 0.04435483870967742, "n_words": 1240}, "test_ru.txt": {"avg_wer": 0.02823529411764706, "n_words": 7650}, "test_us.txt": {"avg_wer": 0.04642082429501085, "n_words": 2305}, "test_de.txt": {"avg_wer": 0.018653924743013424, "n_words": 318110}, "test_de_al.txt": {"avg_wer": 0.01245311327831958, "n_words": 6665}}