{"test_de_ni.txt": {"avg_wer": 0.041718555417185554, "n_words": 6424}, "test_ch.txt": {"avg_wer": 0.02631271651551127, "n_words": 25691}, "test_de_al.txt": {"avg_wer": 0.012003000750187547, "n_words": 6665}, "test_it.txt": {"avg_wer": 0.013528138528138528, "n_words": 9240}, "test_fr.txt": {"avg_wer": 0.020435600968002152, "n_words": 11157}, "test_de.txt": {"avg_wer": 0.016544591493508534, "n_words": 318110}, "test_ru.txt": {"avg_wer": 0.021176470588235293, "n_words": 7650}, "test_us.txt": {"avg_wer": 0.04468546637744035, "n_words": 2305}, "test_gb.txt": {"avg_wer": 0.037096774193548385, "n_words": 1240}, "test_at.txt": {"avg_wer": 0.016105307770935655, "n_words": 40111}, "test_ca.txt": {"avg_wer": 0.029285099052540915, "n_words": 1161}}