{"test_fr.txt": {"avg_wer": 0.021780048400107554, "n_words": 11157}, "test_it.txt": {"avg_wer": 0.013311688311688311, "n_words": 9240}, "test_de_ni.txt": {"avg_wer": 0.0410958904109589, "n_words": 6424}, "test_ch.txt": {"avg_wer": 0.02720797166322837, "n_words": 25691}, "test_at.txt": {"avg_wer": 0.01605544613696991, "n_words": 40111}, "test_ca.txt": {"avg_wer": 0.03359173126614987, "n_words": 1161}, "test_gb.txt": {"avg_wer": 0.036290322580645164, "n_words": 1240}, "test_ru.txt": {"avg_wer": 0.02366013071895425, "n_words": 7650}, "test_us.txt": {"avg_wer": 0.04338394793926247, "n_words": 2305}, "test_de.txt": {"avg_wer": 0.017148156298135864, "n_words": 318110}, "test_de_al.txt": {"avg_wer": 0.011102775693923482, "n_words": 6665}}