{"test_de_ni.txt": {"avg_wer": 0.04202988792029888, "n_words": 6424}, "test_ch.txt": {"avg_wer": 0.02759721303180102, "n_words": 25691}, "test_de_al.txt": {"avg_wer": 0.011402850712678169, "n_words": 6665}, "test_it.txt": {"avg_wer": 0.012878787878787878, "n_words": 9240}, "test_fr.txt": {"avg_wer": 0.021869678228914582, "n_words": 11157}, "test_de.txt": {"avg_wer": 0.017264468265694256, "n_words": 318110}, "test_ru.txt": {"avg_wer": 0.02392156862745098, "n_words": 7650}, "test_us.txt": {"avg_wer": 0.04425162689804772, "n_words": 2305}, "test_gb.txt": {"avg_wer": 0.037096774193548385, "n_words": 1240}, "test_at.txt": {"avg_wer": 0.016005584503004162, "n_words": 40111}, "test_ca.txt": {"avg_wer": 0.03359173126614987, "n_words": 1161}}